id;kabupaten;nama_kabupaten;latitude;longitude;geom;provinsi_id
1171;1171;KOTA BANDA ACEH;11;;5.5611019;95.3287025
1172;1172;KOTA SABANG;11;;5.9666973;95.2358603
1173;1173;KOTA LHOKSEUMAWE;11;;5.1718900;97.1076359
1174;1174;KOTA LANGSA;11;;4.5064190;98.0003341
1175;1175;KOTA SUBULUSSALAM;11;;2.7572260;97.9416691
1271;1271;KOTA MEDAN;12;;3.6422865;98.6694935
1273;1273;KOTA SIBOLGA;12;;1.7308220;98.7840604
1274;1274;KOTA TANJUNG BALAI;12;;2.9672575;99.7880078
1275;1275;KOTA BINJAI;12;;3.6223245;98.5012039
1276;1276;KOTA TEBING TINGGI;12;;3.3280670;99.1541265
1277;1277;KOTA PADANG SIDEMPUAN;12;;1.3677723;99.2810992
1278;1278;KOTA GUNUNGSITOLI;12;;1.2990104;97.6079051
1371;1371;KOTA PADANG;13;;-0.9345836;100.3912699
1372;1372;KOTA SOLOK;13;;-0.7899398;100.6533184
1373;1373;KOTA SAWAHLUNTO;13;;-0.5935983;100.7371292
1374;1374;KOTA PADANG PANJANG;13;;-0.4653922;100.3951852
1375;1375;KOTA BUKITTINGGI;13;;-0.3027606;100.3719801
1376;1376;KOTA PAYAKUMBUH;13;;-0.2294954;100.6327529
1377;1377;KOTA PARIAMAN;13;;-0.6097223;100.1278125
1471;1471;KOTA PEKANBARU;14;;0.5137912;101.4411760
1472;1472;KOTA DUMAI;14;;1.6675758;101.4114590
1571;1571;KOTA JAMBI;15;;-1.6104362;103.6095285
1572;1572;KOTA SUNGAI PENUH;15;;-2.0670525;101.4115693
1671;1671;KOTA PALEMBANG;16;;-2.9549685;104.7629646
1672;1672;KOTA PAGAR ALAM;16;;-4.0435652;103.2194006
1673;1673;KOTA LUBUK LINGGAU;16;;-3.2996427;102.8779769
1674;1674;KOTA PRABUMULIH;16;;-3.4164714;104.2452666
1771;1771;KOTA BENGKULU;17;;-3.8253459;102.3045787
1871;1871;KOTA BANDAR LAMPUNG;18;;-5.4286721;105.2707381
1872;1872;KOTA METRO;18;;-5.1210842;105.3070667
1971;1971;KOTA PANGKAL PINANG;19;;-2.1159948;106.1205269
2171;2171;KOTA BATAM;21;;0.8371660;104.0531150
2172;2172;KOTA TANJUNG PINANG;21;;0.9170620;104.4845973
3171;3171;KOTA ADM. JAKARTA PUSAT;31;;-6.1823130;106.8364646
3172;3172;KOTA ADM. JAKARTA UTARA;31;;-6.1358859;106.8419005
3173;3173;KOTA ADM. JAKARTA BARAT;31;;-7.5366400;110.8180992
3174;3174;KOTA ADM. JAKARTA SELATAN;31;;-7.5366400;110.8180992
3175;3175;KOTA ADM. JAKARTA TIMUR;31;;-7.5366400;110.8180992
3271;3271;KOTA BOGOR;32;;-6.5951935;106.7918920
3272;3272;KOTA SUKABUMI;32;;-6.9370139;106.9173099
3273;3273;KOTA BANDUNG;32;;-6.9034495;107.6431575
3274;3274;KOTA CIREBON;32;;-7.5366400;110.8180992
3275;3275;KOTA BEKASI;32;;-6.2845395;106.9733770
3276;3276;KOTA DEPOK;32;;-6.3878486;106.8177975
3277;3277;KOTA CIMAHI;32;;-6.8862575;107.5411216
3278;3278;KOTA TASIKMALAYA;32;;-7.3599820;108.2327530
3279;3279;KOTA BANJAR;32;;-7.3724825;108.5362043
3371;3371;KOTA MAGELANG;33;;-7.4730539;110.2175245
3372;3372;KOTA SURAKARTA;33;;-7.5592090;110.8188121
3373;3373;KOTA SALATIGA;33;;-7.3262536;110.4970855
3374;3374;KOTA SEMARANG;33;;-7.0247298;110.4170652
3375;3375;KOTA PEKALONGAN;33;;-6.8959420;109.6745035
3376;3376;KOTA TEGAL;33;;-6.8705707;109.1172396
3471;3471;KOTA YOGYAKARTA;34;;-7.8032504;110.3748449
3571;3571;KOTA KEDIRI;35;;-7.8424221;112.0161875
3572;3572;KOTA BLITAR;35;;-8.0948253;112.1652559
3573;3573;KOTA MALANG;35;;-7.9786453;112.6317830
3574;3574;KOTA PROBOLINGGO;35;;-7.7723119;113.2014757
3575;3575;KOTA PASURUAN;35;;-7.6514352;112.9050948
3576;3576;KOTA MOJOKERTO;35;;-7.4714890;112.4392309
3577;3577;KOTA MADIUN;35;;-7.6300619;111.5280514
3578;3578;KOTA SURABAYA;35;;-7.2756195;112.7126837
3579;3579;KOTA BATU;35;;-7.8806987;112.5223041
3671;3671;KOTA TANGERANG;36;;-6.1766875;106.6500340
3672;3672;KOTA CILEGON;36;;-5.9686754;106.0038265
3673;3673;KOTA SERANG;36;;-6.1106536;106.1590199
3674;3674;KOTA TANGERANG SELATAN;36;;-6.2955030;106.7083125
5171;5171;KOTA DENPASAR;51;;-8.6726833;115.2242733
5271;5271;KOTA MATARAM;52;;-8.5877038;116.1165934
5272;5272;KOTA BIMA;52;;-8.4628890;118.7447156
5302;5302;KAB TIMOR TENGAH SELATAN;53;;-9.8230724;124.4374374
5371;5371;KOTA KUPANG;53;;-10.1749510;123.6147184
6171;6171;KOTA PONTIANAK;61;;-0.0353948;109.3315505
6172;6172;KOTA SINGKAWANG;61;;0.8835111;108.9623957
6271;6271;KOTA PALANGKARAYA;62;;-2.2097023;113.9016651
6371;6371;KOTA BANJARMASIN;63;;-3.3172214;114.5942126
6372;6372;KOTA BANJARBARU;63;;-3.4593217;114.8002246
6471;6471;KOTA BALIKPAPAN;64;;-1.1746030;116.8417480
6472;6472;KOTA SAMARINDA;64;;-0.5014663;117.1323322
6474;6474;KOTA BONTANG;64;;0.1367565;117.5054786
6571;6571;KOTA TARAKAN;65;;3.3551581;117.5777098
7171;7171;KOTA MANADO;71;;1.5408156;124.7844865
7172;7172;KOTA BITUNG;71;;1.4661230;125.1821299
7173;7173;KOTA TOMOHON;71;;1.3305563;124.8363450
7174;7174;KOTA KOTAMOBAGU;71;;0.7350466;124.3169899
7271;7271;KOTA PALU;72;;-0.8193728;119.8722506
7371;7371;KOTA MAKASSAR;73;;-5.1114895;119.4026275
7372;7372;KOTA PARE PARE;73;;-4.0127941;119.6381477
7373;7373;KOTA PALOPO;73;;-3.0149812;120.1999841
7471;7471;KOTA KENDARI;74;;-3.9850497;122.5370449
7472;7472;KOTA BAU BAU;74;;-5.5070779;122.5969010
7571;7571;KOTA GORONTALO;75;;0.5489221;123.0400206
8171;8171;KOTA AMBON;81;;-3.7047672;128.1847942
8172;8172;KOTA TUAL;81;;-5.4498335;132.3390668
8271;8271;KOTA TERNATE;82;;0.8104797;127.3420657
8272;8272;KOTA TIDORE KEPULAUAN;82;;0.3900150;127.5968615
9171;9171;KOTA JAYAPURA;91;;-2.5651381;140.6810277
9271;9271;KOTA SORONG;92;;-0.8929071;131.2643957
1101;1101;KABUPATEN ACEH SELATAN;11;;3.0701740;97.4249470
1102;1102;KABUPATEN ACEH TENGGARA;11;;3.3380285;97.6173010
1103;1103;KABUPATEN ACEH TIMUR;11;;4.7028015;97.6392325
1104;1104;KABUPATEN ACEH TENGAH;11;;4.5625095;96.8148660
1105;1105;KABUPATEN ACEH BARAT;11;;4.4513730;96.1858005
1106;1106;KABUPATEN ACEH BESAR;11;;5.4042350;95.4254264
1107;1107;KABUPATEN PIDIE;11;;5.1133685;96.0867806
1108;1108;KABUPATEN ACEH UTARA;11;;4.9936454;97.1506885
1109;1109;KABUPATEN SIMEULUE;11;;2.5385084;96.0390835
1110;1110;KABUPATEN ACEH SINGKIL;11;;2.3072666;97.6322315
1111;1111;KABUPATEN BIREUEN;11;;5.0830279;96.6244424
1112;1112;KABUPATEN ACEH BARAT DAYA;11;;3.8354980;96.8672570
1113;1113;KABUPATEN GAYO LUES;11;;3.9810490;97.3235309
1114;1114;KABUPATEN ACEH JAYA;11;;4.8111460;95.6663485
1115;1115;KABUPATEN NAGAN RAYA;11;;4.1765099;96.5057750
1116;1116;KABUPATEN ACEH TAMIANG;11;;4.2184944;98.0014529
1117;1117;KABUPATEN BENER MERIAH;11;;4.7747940;96.9923934
1118;1118;KABUPATEN PIDIE JAYA;11;;5.1047825;96.1952150
1201;1201;KABUPATEN TAPANULI TENGAH;12;;1.8693345;98.5961600
1202;1202;KABUPATEN TAPANULI UTARA;12;;2.0150509;99.0694536
1203;1203;KABUPATEN TAPANULI SELATAN;12;;1.5510685;99.1793124
1204;1204;KABUPATEN NIAS;12;;1.0843094;97.7301030
1205;1205;KABUPATEN LANGKAT;12;;3.7601390;98.2317535
1206;1206;KABUPATEN KARO;12;;3.0998310;98.2716834
1207;1207;KABUPATEN DELI SERDANG;12;;3.4799785;98.7071019
1208;1208;KABUPATEN SIMALUNGUN;12;;2.9506125;99.0492550
1209;1209;KABUPATEN ASAHAN;12;;2.8468770;99.5333395
1211;1211;KABUPATEN DAIRI;12;;2.8353838;98.2555254
1212;1212;KABUPATEN TOBA SAMOSIR;12;;2.3855825;99.2483775
1213;1213;KABUPATEN MANDAILING NATAL;12;;0.7796050;99.3887799
1214;1214;KABUPATEN NIAS SELATAN;12;;0.1979950;98.2336150
1215;1215;KABUPATEN PAKPAK BHARAT;12;;2.5305735;98.2685331
1216;1216;KABUPATEN HUMBANG HASUNDUTAN;12;;2.2478419;98.6071295
1217;1217;KABUPATEN SAMOSIR;12;;2.5562235;98.6962130
1218;1218;KABUPATEN SERDANG BEDAGAI;12;;3.3459435;99.0318804
1219;1219;KABUPATEN BATU BARA;12;;3.2304581;99.4800035
1220;1220;KABUPATEN PADANG LAWAS UTARA;12;;1.6364090;99.8455431
1221;1221;KABUPATEN PADANG LAWAS;12;;1.1565420;99.8014749
1222;1222;KABUPATEN LABUHANBATU SELATAN;12;;1.8337750;100.0604970
1224;1224;KABUPATEN NIAS UTARA;12;;1.3101674;97.2894080
1225;1225;KABUPATEN NIAS BARAT;12;;0.9823165;97.4574370
1301;1301;KABUPATEN PESISIR SELATAN;13;;-1.7177650;100.7904960
1302;1302;KABUPATEN SOLOK;13;;-0.9275340;100.8378840
1303;1303;KABUPATEN SIJUNJUNG;13;;-0.6487360;101.1429174
1304;1304;KABUPATEN TANAH DATAR;13;;-0.4698185;100.5827935
1305;1305;KABUPATEN PADANG PARIAMAN;13;;-0.5660215;100.2099335
1307;1307;KABUPATEN LIMA PULUH KOTA;13;;0.0290700;100.5559274
1308;1308;KABUPATEN PASAMAN;13;;0.3998885;100.0474539
1309;1309;KABUPATEN KEPULAUAN MENTAWAI;13;;-2.4121469;100.2328597
1310;1310;KABUPATEN DHARMASRAYA;13;;-1.2506435;101.5193250
1311;1311;KABUPATEN SOLOK SELATAN;13;;-1.3644710;101.2735826
1312;1312;KABUPATEN PASAMAN BARAT;13;;0.1879615;99.6077419
1401;1401;KABUPATEN KAMPAR;14;;0.3203410;101.0613635
1402;1402;KABUPATEN INDRAGIRI HULU;14;;-0.4925590;102.2484664
1403;1403;KABUPATEN BENGKALIS;14;;1.5252265;101.7205939
1404;1404;KABUPATEN INDRAGIRI HILIR;14;;-0.2932740;103.1841530
1405;1405;KABUPATEN PELALAWAN;14;;0.1625171;102.4356490
1406;1406;KABUPATEN ROKAN HULU;14;;0.8932599;100.4905464
1407;1407;KABUPATEN ROKAN HILIR;14;;2.0708884;100.8053555
1408;1408;KABUPATEN SIAK;14;;0.8280330;101.9048446
1409;1409;KABUPATEN KUANTAN SINGINGI;14;;-0.4938175;101.4765815
1410;1410;KABUPATEN KEPULAUAN MERANTI;14;;1.0562110;102.7216469
1501;1501;KABUPATEN KERINCI;15;;-2.0612335;101.4829539
1502;1502;KABUPATEN MERANGIN;15;;-2.2070600;102.0861750
1503;1503;KABUPATEN SAROLANGUN;15;;-2.3323056;102.6426391
1504;1504;KABUPATEN BATANGHARI;15;;-1.8531210;102.9883790
1505;1505;KABUPATEN MUARO JAMBI;15;;-1.7049425;103.7826039
1506;1506;KABUPATEN TANJUNG JABUNG BARAT;15;;-1.0939625;103.1101365
1507;1507;KABUPATEN TANJUNG JABUNG TIMUR;15;;-1.2576711;103.9018501
1508;1508;KABUPATEN BUNGO;15;;-1.5157519;101.9783389
1509;1509;KABUPATEN TEBO;15;;-1.3952374;102.3232096
1601;1601;KABUPATEN OGAN KOMERING ULU;16;;-4.1105135;104.0872659
1602;1602;KABUPATEN OGAN KOMERING ILIR;16;;-3.3277745;105.4149485
1603;1603;KABUPATEN MUARA ENIM;16;;-3.6970325;103.9977589
1604;1604;KABUPATEN LAHAT;16;;-3.8770146;103.3435805
1605;1605;KABUPATEN MUSI RAWAS;16;;-3.1751970;103.0678991
1606;1606;KABUPATEN MUSI BANYUASIN;16;;-2.4958314;103.8304310
1607;1607;KABUPATEN BANYUASIN;16;;-2.3986904;104.8166695
1223;1223;KABUPATEN LABUHANBATU UTARA;12;;2.4256260;99.7342290
1608;1608;KABUPATEN OGAN KOMERING ULU TIMUR;16;;-7.5366400;110.8180992
1609;1609;KABUPATEN OGAN KOMERING ULU SELATAN;16;;-7.5366400;110.8180992
1610;1610;KABUPATEN OGAN ILIR;16;;-3.4196610;104.5600495
1611;1611;KABUPATEN EMPAT LAWANG;16;;-3.7170451;102.9066479
1612;1612;KABUPATEN PENUKAL ABAB LEMATANGILIR;16;;-7.5366400;110.8180992
1613;1613;KABUPATEN MUSI RAWAS UTARA;16;;-2.7062020;102.7169985
1701;1701;KABUPATEN BENGKULU SELATAN;17;;-4.3589410;103.0444379
1702;1702;KABUPATEN REJANG LEBONG;17;;-3.4381609;102.6831009
1703;1703;KABUPATEN BENGKULU UTARA;17;;-4.1155470;101.9984285
1704;1704;KABUPATEN KAUR;17;;-4.1469935;103.0034889
1705;1705;KABUPATEN SELUMA;17;;-4.0803224;102.6363259
1706;1706;KABUPATEN MUKO MUKO;17;;-2.7308450;101.4443209
1707;1707;KABUPATEN LEBONG;17;;-3.0525784;102.2137735
1708;1708;KABUPATEN KEPAHIANG;17;;-3.6475355;102.6277740
1709;1709;KABUPATEN BENGKULU TENGAH;17;;-3.6777969;102.4099105
1801;1801;KABUPATEN LAMPUNG SELATAN;18;;-5.6698609;105.4685990
1802;1802;KABUPATEN LAMPUNG TENGAH;18;;-4.8741315;105.1822800
1803;1803;KABUPATEN LAMPUNG UTARA;18;;-4.8083890;104.8107840
1804;1804;KABUPATEN LAMPUNG BARAT;18;;-5.3578855;104.1163730
1805;1805;KABUPATEN TULANG BAWANG;18;;-4.3979100;105.5374411
1806;1806;KABUPATEN TANGGAMUS;18;;-5.4763775;104.7046660
1807;1807;KABUPATEN LAMPUNG TIMUR;18;;-5.1205159;105.7437490
1808;1808;KABUPATEN WAY KANAN;18;;-4.5732975;104.6774294
1809;1809;KABUPATEN PESAWARAN;18;;-5.4821254;105.1385304
1810;1810;KABUPATEN PRINGSEWU;18;;-5.4439865;105.0023290
1811;1811;KABUPATEN MESUJI;18;;-3.9740739;105.4037790
1812;1812;KABUPATEN TULANG BAWANG BARAT;18;;-4.4329255;105.0978015
1813;1813;KABUPATEN PESISIR BARAT;18;;-5.3338624;104.0767865
1901;1901;KABUPATEN BANGKA;19;;-1.9338715;105.9418504
1902;1902;KABUPATEN BELITUNG;19;;-2.9295255;107.5515370
1903;1903;KABUPATEN BANGKA SELATAN;19;;-2.8071445;106.5089984
1904;1904;KABUPATEN BANGKA TENGAH;19;;-2.4328315;106.2987310
1905;1905;KABUPATEN BANGKA BARAT;19;;-1.8403050;105.4471295
1906;1906;KABUPATEN BELITUNG TIMUR;19;;-2.9547655;108.2993321
2101;2101;KABUPATEN BINTAN;21;;0.9070375;106.2015265
2102;2102;KABUPATEN KARIMUN;21;;0.8210900;103.6318670
2103;2103;KABUPATEN NATUNA;21;;3.9999999;108.2500000
2104;2104;KABUPATEN LINGGA;21;;-0.1771255;104.5097280
2105;2105;KABUPATEN KEPULAUAN ANAMBAS;21;;3.0974070;105.6600400
3101;3101;KABUPATEN ADM. KEP. SERIBU;31;;-7.5366400;110.8180992
3201;3201;KABUPATEN BOGOR;32;;-6.5453636;106.8140985
3202;3202;KABUPATEN SUKABUMI;32;;-6.8494070;106.9553050
3203;3203;KABUPATEN CIANJUR;32;;-7.0533791;107.1304435
3204;3204;KABUPATEN BANDUNG;32;;-7.0634725;107.5911715
3205;3205;KABUPATEN GARUT;32;;-7.3433252;107.7781535
3206;3206;KABUPATEN TASIKMALAYA;32;;-7.4276703;108.1734585
3207;3207;KABUPATEN CIAMIS;32;;-7.3113199;108.4474163
3208;3208;KABUPATEN KUNINGAN;32;;-6.9878941;108.5890200
3209;3209;KABUPATEN CIREBON;32;;-6.7612999;108.5853041
3210;3210;KABUPATEN MAJALENGKA;32;;-6.8071874;108.2250109
3211;3211;KABUPATEN SUMEDANG;32;;-6.8098927;107.9805011
3212;3212;KABUPATEN INDRAMAYU;32;;-6.4425536;108.1966762
3213;3213;KABUPATEN SUBANG;32;;-6.4981510;107.7257291
3214;3214;KABUPATEN PURWAKARTA;32;;-6.5923975;107.4099336
3215;3215;KABUPATEN KARAWANG;32;;-6.2648065;107.3637299
3216;3216;KABUPATEN BEKASI;32;;-6.2677174;107.1069424
3217;3217;KABUPATEN BANDUNG BARAT;32;;-6.9052641;107.4542339
3218;3218;KABUPATEN PANGANDARAN;32;;-7.6404586;108.5566926
3301;3301;KABUPATEN CILACAP;33;;-7.7065141;109.0324948
3302;3302;KABUPATEN BANYUMAS;33;;-7.4550015;109.1685729
3303;3303;KABUPATEN PURBALINGGA;33;;-7.3273401;109.4040946
3304;3304;KABUPATEN BANJARNEGARA;33;;-7.3559570;109.6395725
3305;3305;KABUPATEN KEBUMEN;33;;-7.6439410;109.6093250
3306;3306;KABUPATEN PURWOREJO;33;;-7.7080095;109.9699645
3307;3307;KABUPATEN WONOSOBO;33;;-7.3997965;109.9056800
3308;3308;KABUPATEN MAGELANG;33;;-7.5135660;110.2447700
3309;3309;KABUPATEN BOYOLALI;33;;-7.3870915;110.6066389
3310;3310;KABUPATEN KLATEN;33;;-7.6748011;110.6229124
3311;3311;KABUPATEN SUKOHARJO;33;;-7.6828475;110.8314340
3312;3312;KABUPATEN WONOGIRI;33;;-7.9619095;111.0367375
3313;3313;KABUPATEN KARANGANYAR;33;;-7.6195985;110.9514255
3314;3314;KABUPATEN SRAGEN;33;;-7.3922765;110.9621404
3315;3315;KABUPATEN GROBOGAN;33;;-7.1286660;110.8942006
3316;3316;KABUPATEN BLORA;33;;-7.1105530;111.3682095
3317;3317;KABUPATEN REMBANG;33;;-6.7698535;111.4623929
3318;3318;KABUPATEN PATI;33;;-6.7040770;111.0370635
3319;3319;KABUPATEN KUDUS;33;;-6.7976500;110.8679785
3320;3320;KABUPATEN JEPARA;33;;-6.2610285;110.5697366
3321;3321;KABUPATEN DEMAK;33;;-6.9230490;110.6479535
3322;3322;KABUPATEN SEMARANG;33;;-7.2877925;110.4566090
3323;3323;KABUPATEN TEMANGGUNG;33;;-7.2398990;110.1315179
3324;3324;KABUPATEN KENDAL;33;;-7.0204064;110.1394004
3325;3325;KABUPATEN BATANG;33;;-7.0320014;109.8633845
3326;3326;KABUPATEN PEKALONGAN;33;;-7.0418805;109.6410705
3327;3327;KABUPATEN PEMALANG;33;;-7.0105420;109.3923915
3328;3328;KABUPATEN TEGAL;33;;-6.8697654;109.1183411
3329;3329;KABUPATEN BREBES;33;;-7.0452029;108.9342864
3401;3401;KABUPATEN KULON PROGO;34;;-7.8124940;110.1441390
3402;3402;KABUPATEN BANTUL;34;;-7.8981900;110.3627566
3403;3403;KABUPATEN GUNUNGKIDUL;34;;-7.9931851;110.5819344
3404;3404;KABUPATEN SLEMAN;34;;-7.6897180;110.3812751
3501;3501;KABUPATEN PACITAN;35;;-8.1019070;111.1626509
3502;3502;KABUPATEN PONOROGO;35;;-7.9712315;111.5294150
3503;3503;KABUPATEN TRENGGALEK;35;;-8.1361620;111.6189421
3504;3504;KABUPATEN TULUNGAGUNG;35;;-8.1486727;111.9588270
3505;3505;KABUPATEN BLITAR;35;;-8.1316060;112.2172665
3506;3506;KABUPATEN KEDIRI;35;;-7.8015631;112.1096190
3507;3507;KABUPATEN MALANG;35;;-8.1125440;112.6227905
3508;3508;KABUPATEN LUMAJANG;35;;-8.1240426;113.1394969
3509;3509;KABUPATEN JEMBER;35;;-8.2656330;113.6534639
3510;3510;KABUPATEN BANYUWANGI;35;;-8.3326135;114.2215064
3511;3511;KABUPATEN BONDOWOSO;35;;-7.9452850;113.9360271
3512;3512;KABUPATEN SITUBONDO;35;;-7.7985945;114.0199030
3513;3513;KABUPATEN PROBOLINGGO;35;;-7.8519480;113.2856585
3514;3514;KABUPATEN PASURUAN;35;;-7.7505644;112.8373770
3515;3515;KABUPATEN SIDOARJO;35;;-7.4549084;112.6653355
3516;3516;KABUPATEN MOJOKERTO;35;;-7.5411200;112.5016600
3517;3517;KABUPATEN JOMBANG;35;;-7.5614790;112.2592315
3518;3518;KABUPATEN NGANJUK;35;;-7.6151420;111.9472695
3519;3519;KABUPATEN MADIUN;35;;-7.6118185;111.6486774
3520;3520;KABUPATEN MAGETAN;35;;-7.6533515;111.3473920
3521;3521;KABUPATEN NGAWI;35;;-7.4324910;111.3948290
3522;3522;KABUPATEN BOJONEGORO;35;;-7.2278369;111.7946855
3523;3523;KABUPATEN TUBAN;35;;-6.8934522;112.0428669
3524;3524;KABUPATEN LAMONGAN;35;;-7.1230370;112.3124740
3525;3525;KABUPATEN GRESIK;35;;-6.5612375;112.5715085
3526;3526;KABUPATEN BANGKALAN;35;;-7.0462270;112.9098950
3527;3527;KABUPATEN SAMPANG;35;;-7.1007359;113.2618629
3528;3528;KABUPATEN PAMEKASAN;35;;-7.0711185;113.5035359
3529;3529;KABUPATEN SUMENEP;35;;-6.1506600;114.9226255
3601;3601;KABUPATEN PANDEGLANG;36;;-6.6189465;105.6379450
3602;3602;KABUPATEN LEBAK;36;;-6.6433541;106.1945915
3603;3603;KABUPATEN TANGERANG;36;;-6.1818846;106.5325875
3604;3604;KABUPATEN SERANG;36;;-6.1066080;106.1177960
5101;5101;KABUPATEN JEMBRANA;51;;-8.3131785;114.6828585
5102;5102;KABUPATEN TABANAN;51;;-8.4392285;115.0660515
5103;5103;KABUPATEN BADUNG;51;;-8.5455855;115.1675435
5104;5104;KABUPATEN GIANYAR;51;;-8.4819320;115.2982515
5105;5105;KABUPATEN KLUNGKUNG;51;;-8.6374205;115.4919656
5106;5106;KABUPATEN BANGLI;51;;-8.3339850;115.3449940
5107;5107;KABUPATEN KARANGASEM;51;;-8.3586000;115.5507596
5108;5108;KABUPATEN BULELENG;51;;-8.2224706;114.9446525
5201;5201;KABUPATEN LOMBOK BARAT;52;;-8.6663606;116.0800090
5202;5202;KABUPATEN LOMBOK TENGAH;52;;-8.6822985;116.2690695
5203;5203;KABUPATEN LOMBOK TIMUR;52;;-8.5915989;116.5659401
5204;5204;KABUPATEN SUMBAWA;52;;-8.6167469;117.5854750
5205;5205;KABUPATEN DOMPU;52;;-8.4937125;118.1166865
5206;5206;KABUPATEN BIMA;52;;-8.4833659;118.5507200
5207;5207;KABUPATEN SUMBAWA BARAT;52;;-8.8002260;116.8832146
5208;5208;KABUPATEN LOMBOK UTARA;52;;-8.3454301;116.2610194
5301;5301;KABUPATEN KUPANG;53;;-9.8124595;123.7486966
5303;5303;KABUPATEN TIMOR TENGAH UTARA;53;;-9.3405531;124.4736825
5304;5304;KABUPATEN BELU;53;;-9.1758654;124.9924855
5305;5305;KABUPATEN ALOR;53;;-8.3334050;124.4751755
5306;5306;KABUPATEN FLORES TIMUR;53;;-8.3503150;122.9940270
5307;5307;KABUPATEN SIKKA;53;;-8.4564619;122.1811880
5308;5308;KABUPATEN ENDE;53;;-8.6735235;121.7102855
5309;5309;KABUPATEN NGADA;53;;-8.6500870;120.9973199
5310;5310;KABUPATEN MANGGARAI;53;;-8.5783251;120.3872935
5311;5311;KABUPATEN SUMBA TIMUR;53;;-9.8053380;120.2601125
5312;5312;KABUPATEN SUMBA BARAT;53;;-9.5853490;119.3432980
5313;5313;KABUPATEN LEMBATA;53;;-8.3780389;123.5649621
5314;5314;KABUPATEN ROTE NDAO;53;;-10.7193055;123.0422646
5315;5315;KABUPATEN MANGGARAI BARAT;53;;-8.5741640;119.8713535
5316;5316;KABUPATEN NAGEKEO;53;;-8.6744790;121.3018020
5317;5317;KABUPATEN SUMBA TENGAH;53;;-9.5938025;119.6709764
5318;5318;KABUPATEN SUMBA BARAT DAYA;53;;-9.5440090;119.1703240
5319;5319;KABUPATEN MANGGARAI TIMUR;53;;-8.5740510;120.6162925
5320;5320;KABUPATEN SABU RAIJUA;53;;-10.6240854;121.6387810
5321;5321;KABUPATEN MALAKA;53;;-9.5466220;124.8656249
6101;6101;KABUPATEN SAMBAS;61;;1.4877335;109.3291315
6102;6102;KABUPATEN MEMPAWAH;61;;0.3437055;108.7022035
6103;6103;KABUPATEN SANGGAU;61;;0.3510240;110.4442836
6104;6104;KABUPATEN KETAPANG;61;;-1.6823750;110.5846576
6105;6105;KABUPATEN SINTANG;61;;0.1809585;112.1118460
6106;6106;KABUPATEN KAPUAS HULU;61;;0.8345740;112.8656925
6107;6107;KABUPATEN BENGKAYANG;61;;1.0339099;109.4870035
6108;6108;KABUPATEN LANDAK;61;;0.5108791;109.7046880
6109;6109;KABUPATEN SEKADAU;61;;0.0537345;110.9252125
6110;6110;KABUPATEN MELAWI;61;;-0.7297399;111.7871960
6111;6111;KABUPATEN KAYONG UTARA;61;;-1.2476576;109.5752950
6112;6112;KABUPATEN KUBU RAYA;61;;-0.3785205;109.5105676
6201;6201;KABUPATEN KOTAWARINGIN BARAT;62;;-2.5562380;111.6776535
6202;6202;KABUPATEN KOTAWARINGIN TIMUR;62;;-2.2303090;112.6776345
6203;6203;KABUPATEN KAPUAS;62;;-1.9164225;114.2218720
6204;6204;KABUPATEN BARITO SELATAN;62;;-1.9640280;115.0149146
6205;6205;KABUPATEN BARITO UTARA;62;;-0.7244789;115.1520905
6206;6206;KABUPATEN KATINGAN;62;;-1.9549615;112.9331665
6207;6207;KABUPATEN SERUYAN;62;;-2.1307805;112.1215799
6208;6208;KABUPATEN SUKAMARA;62;;-2.5609765;111.0669135
6209;6209;KABUPATEN LAMANDAU;62;;-1.8073120;111.3390755
6210;6210;KABUPATEN GUNUNG MAS;62;;-0.9869189;113.5130600
6211;6211;KABUPATEN PULANG PISAU;62;;-2.5043105;113.9549070
6212;6212;KABUPATEN MURUNG RAYA;62;;-0.0366870;114.1715644
6213;6213;KABUPATEN BARITO TIMUR;62;;-2.0148275;115.1803600
6301;6301;KABUPATEN TANAH LAUT;63;;-3.8434260;114.9422364
6302;6302;KABUPATEN KOTABARU;63;;-3.5285955;116.0298535
6303;6303;KABUPATEN BANJAR;63;;-3.2765735;115.0549120
6304;6304;KABUPATEN BARITO KUALA;63;;-3.0359640;114.6037454
6305;6305;KABUPATEN TAPIN;63;;-2.8668924;115.1549030
6306;6306;KABUPATEN HULU SUNGAI SELATAN;63;;-2.7182414;115.2329210
6307;6307;KABUPATEN HULU SUNGAI TENGAH;63;;-2.6115940;115.5251035
6308;6308;KABUPATEN HULU SUNGAI UTARA;63;;-2.4250319;115.1322080
6309;6309;KABUPATEN TABALONG;63;;-1.8372030;115.4406545
6310;6310;KABUPATEN TANAH BUMBU;63;;-3.4456415;115.6676005
6311;6311;KABUPATEN BALANGAN;63;;-2.2893155;115.5840765
6401;6401;KABUPATEN PASER;64;;-1.6897730;116.1125009
6402;6402;KABUPATEN KUTAI KARTANEGARA;64;;0.1966221;116.5716885
6403;6403;KABUPATEN BERAU;64;;1.8052065;117.6001925
6407;6407;KABUPATEN KUTAI BARAT;64;;-0.1674584;115.6253477
6408;6408;KABUPATEN KUTAI TIMUR;64;;0.9305864;117.4987075
6409;6409;KABUPATEN PENAJAM PASER UTARA;64;;-1.2001755;116.6452646
6411;6411;KABUPATEN MAHAKAM ULU;64;;0.6646290;114.8285745
6501;6501;KABUPATEN BULUNGAN;65;;2.8447239;116.9878606
6502;6502;KABUPATEN MALINAU;65;;2.5823029;115.6859664
6503;6503;KABUPATEN NUNUKAN;65;;3.9052315;116.7444814
6504;6504;KABUPATEN TANA TIDUNG;65;;3.5493095;117.2620374
7101;7101;KABUPATEN BOLAANG MONGONDOW;71;;0.7211095;124.0349449
7102;7102;KABUPATEN MINAHASA;71;;1.2411715;124.8137499
7103;7103;KABUPATEN KEPULAUAN SANGIHE;71;;3.9032300;125.5268945
7104;7104;KABUPATEN KEPULAUAN TALAUD;71;;4.6551753;127.0144551
7105;7105;KABUPATEN MINAHASA SELATAN;71;;1.0709760;124.5283295
7106;7106;KABUPATEN MINAHASA UTARA;71;;1.5783895;124.9584449
7107;7107;KABUPATEN MINAHASA TENGGARA;71;;0.9825089;124.7503990
7108;7108;KABUPATEN BOLAANG MONGONDOWUTARA;71;;-7.5366400;110.8180992
7109;7109;KABUPATEN KEP. SIAU TAGULANDANGBIARO;71;;-7.5366400;110.8180992
7110;7110;KABUPATEN BOLAANG MONGONDOWTIMUR;71;;-7.5366400;110.8180992
7111;7111;KABUPATEN BOLAANG MONGONDOWSELATAN;71;;-7.5366400;110.8180992
7201;7201;KABUPATEN BANGGAI;72;;-1.1160909;122.6510070
7202;7202;KABUPATEN POSO;72;;-1.6737239;120.5297295
7203;7203;KABUPATEN DONGGALA;72;;-0.3510735;119.8250565
7204;7204;KABUPATEN TOLI TOLI;72;;0.9811505;120.6569480
7205;7205;KABUPATEN BUOL;72;;0.9983855;121.5338810
7206;7206;KABUPATEN MOROWALI;72;;-2.8948980;122.3101796
7207;7207;KABUPATEN BANGGAI KEPULAUAN;72;;-1.3997790;123.1475040
7208;7208;KABUPATEN PARIGI MOUTONG;72;;-0.2402580;120.6257280
7209;7209;KABUPATEN TOJO UNA UNA;72;;-0.8732180;121.6424829
7210;7210;KABUPATEN SIGI;72;;-1.4615905;120.0027559
7211;7211;KABUPATEN BANGGAI LAUT;72;;-1.8485400;123.5920280
7212;7212;KABUPATEN MOROWALI UTARA;72;;-1.8467165;121.4469430
7301;7301;KABUPATEN KEPULAUAN SELAYAR;73;;-6.6271509;121.0548680
7302;7302;KABUPATEN BULUKUMBA;73;;-5.4841239;120.2172750
7303;7303;KABUPATEN BANTAENG;73;;-5.4715135;119.9777160
7304;7304;KABUPATEN JENEPONTO;73;;-5.5447010;119.7120210
7305;7305;KABUPATEN TAKALAR;73;;-5.4111960;119.4184595
7306;7306;KABUPATEN GOWA;73;;-5.3301190;119.6978965
7307;7307;KABUPATEN SINJAI;73;;-5.1972634;120.1784186
7308;7308;KABUPATEN BONE;73;;-4.6800285;120.0890189
7309;7309;KABUPATEN MAROS;73;;-4.9651450;119.7196405
7310;7310;KABUPATEN PANGKAJENE KEPULAUAN;73;;-6.1241450;118.4244540
7311;7311;KABUPATEN BARRU;73;;-4.4337159;119.6967075
7312;7312;KABUPATEN SOPPENG;73;;-4.3185885;119.9011865
7313;7313;KABUPATEN WAJO;73;;-3.9682360;120.1638129
7314;7314;KABUPATEN SIDENRENG RAPPANG;73;;-3.8080935;119.9978918
7315;7315;KABUPATEN PINRANG;73;;-3.6487895;119.6076840
7316;7316;KABUPATEN ENREKANG;73;;-3.5320930;119.8922750
7317;7317;KABUPATEN LUWU;73;;-3.1666385;120.1460475
7318;7318;KABUPATEN TANA TORAJA;73;;-3.0569020;119.7071320
7322;7322;KABUPATEN LUWU UTARA;73;;-2.4065715;120.1421424
7324;7324;KABUPATEN LUWU TIMUR;73;;-2.5320950;121.1310120
7326;7326;KABUPATEN TORAJA UTARA;73;;-2.8990815;119.8803455
7401;7401;KABUPATEN KOLAKA;74;;-4.1022010;121.4551136
7402;7402;KABUPATEN KONAWE;74;;-3.5129105;122.0421635
7403;7403;KABUPATEN MUNA;74;;-4.8721990;122.5483940
7404;7404;KABUPATEN BUTON;74;;-5.6440830;122.5797350
7405;7405;KABUPATEN KONAWE SELATAN;74;;-4.2511975;122.4093685
7406;7406;KABUPATEN BOMBANA;74;;-4.9248265;121.8077804
7407;7407;KABUPATEN WAKATOBI;74;;-5.6704666;123.7939456
7408;7408;KABUPATEN KOLAKA UTARA;74;;-3.2631125;121.1606069
7409;7409;KABUPATEN KONAWE UTARA;74;;-3.4196045;122.3038245
7410;7410;KABUPATEN BUTON UTARA;74;;-4.7575494;123.0207695
7411;7411;KABUPATEN KOLAKA TIMUR;74;;-3.8204255;121.5672780
7412;7412;KABUPATEN KONAWE KEPULAUAN;74;;-4.1193524;123.0972945
7413;7413;KABUPATEN MUNA BARAT;74;;-7.5366400;110.8180992
7414;7414;KABUPATEN BUTON TENGAH;74;;-5.3326519;122.2905945
7415;7415;KABUPATEN BUTON SELATAN;74;;-5.6440830;122.5797350
7501;7501;KABUPATEN GORONTALO;75;;0.6989190;122.6626601
7502;7502;KABUPATEN BOALEMO;75;;0.6664335;122.3681385
7503;7503;KABUPATEN BONE BOLANGO;75;;0.5562340;123.2944371
7504;7504;KABUPATEN PAHUWATO;75;;0.6665875;121.6478920
7505;7505;KABUPATEN GORONTALO UTARA;75;;0.8650475;122.6284594
7601;7601;KABUPATEN PASANGKAYU;76;;-1.3437139;119.5760856
7602;7602;KABUPATEN MAMUJU;76;;-2.5517405;119.2512269
7603;7603;KABUPATEN MAMASA;76;;-2.9964105;119.3236705
7604;7604;KABUPATEN POLEWALI MANDAR;76;;-3.3026449;119.1961135
7605;7605;KABUPATEN MAJENE;76;;-3.2423270;118.9360231
7606;7606;KABUPATEN MAMUJU TENGAH;76;;-2.0209640;119.5018386
8101;8101;KABUPATEN MALUKU TENGAH;81;;-3.6653729;129.0081705
8102;8102;KABUPATEN MALUKU TENGGARA;81;;-5.6556815;132.8097965
8103;8103;KABUPATEN KEPULAUAN TANIMBAR;81;;-7.4994010;131.3820770
8104;8104;KABUPATEN BURU;81;;-3.3448610;126.6908945
8105;8105;KABUPATEN SERAM BAGIAN TIMUR;81;;-3.8789665;129.1537850
8106;8106;KABUPATEN SERAM BAGIAN BARAT;81;;-2.4359885;128.2036725
8107;8107;KABUPATEN KEPULAUAN ARU;81;;-6.2119065;134.4799580
8108;8108;KABUPATEN MALUKU BARAT DAYA;81;;-6.8112700;127.9076686
8109;8109;KABUPATEN BURU SELATAN;81;;-3.5704640;126.6877450
8201;8201;KABUPATEN HALMAHERA BARAT;82;;1.3631035;127.5929885
8202;8202;KABUPATEN HALMAHERA TENGAH;82;;0.2211260;128.7130441
8203;8203;KABUPATEN HALMAHERA UTARA;82;;1.5595055;127.8348995
8204;8204;KABUPATEN HALMAHERA SELATAN;82;;-0.7456371;127.8130305
8205;8205;KABUPATEN KEPULAUAN SULA;82;;-2.1145585;125.9074550
8206;8206;KABUPATEN HALMAHERA TIMUR;82;;1.0029075;128.2247209
8207;8207;KABUPATEN PULAU MOROTAI;82;;2.3037930;128.4095270
8208;8208;KABUPATEN PULAU TALIABU;82;;-1.8316750;124.8317575
9101;9101;KABUPATEN MERAUKE;91;;-8.5284080;140.5422750
9102;9102;KABUPATEN JAYAWIJAYA;91;;-4.1225775;138.9775650
9103;9103;KABUPATEN JAYAPURA;91;;-3.0362660;140.0377394
9104;9104;KABUPATEN NABIRE;91;;-3.2064090;135.4964680
9105;9105;KABUPATEN KEPULAUAN YAPEN;91;;-1.7201445;136.0317716
9106;9106;KABUPATEN BIAK NUMFOR;91;;-1.0127914;135.7455765
9107;9107;KABUPATEN PUNCAK JAYA;91;;-3.4894425;137.8448929
9108;9108;KABUPATEN PANIAI;91;;-3.7577970;136.5823125
9109;9109;KABUPATEN MIMIKA;91;;-4.6299475;136.3424850
9110;9110;KABUPATEN SARMI;91;;-2.5326055;139.0665441
9111;9111;KABUPATEN KEEROM;91;;-3.3267459;140.6530038
9113;9113;KABUPATEN YAHUKIMO;91;;-4.3891066;139.5433275
9114;9114;KABUPATEN TOLIKARA;91;;-3.4887740;138.4034965
9115;9115;KABUPATEN WAROPEN;91;;-2.7295330;136.6968830
9116;9116;KABUPATEN BOVEN DIGOEL;91;;-6.1535839;140.3222164
9117;9117;KABUPATEN MAPPI;91;;-6.2474809;139.3166280
9118;9118;KABUPATEN ASMAT;91;;-5.5823896;138.5973168
9119;9119;KABUPATEN SUPIORI;91;;-0.0149080;135.0496180
9120;9120;KABUPATEN MAMBERAMO RAYA;91;;-2.4432194;137.9772305
9121;9121;KABUPATEN MAMBERAMO TENGAH;91;;-2.3596045;138.2922185
9122;9122;KABUPATEN YALIMO;91;;-3.7851269;139.4358145
9123;9123;KABUPATEN LANNY JAYA;91;;-3.9572731;138.2032004
9124;9124;KABUPATEN NDUGA;91;;-4.4361550;138.2187995
9125;9125;KABUPATEN PUNCAK;91;;-3.5927000;137.4167730
9126;9126;KABUPATEN DOGIYAI;91;;-3.9993975;135.6372900
9127;9127;KABUPATEN INTAN JAYA;91;;-3.4086090;136.7425290
9128;9128;KABUPATEN DEIYAI;91;;-4.1557095;136.4081590
9201;9201;KABUPATEN SORONG;92;;-1.0522685;131.3927930
9202;9202;KABUPATEN MANOKWARI;92;;-0.8643675;134.0740985
9203;9203;KABUPATEN FAK FAK;92;;-3.2007180;132.6327924
9204;9204;KABUPATEN SORONG SELATAN;92;;-1.6675475;132.1184105
9205;9205;KABUPATEN RAJA AMPAT;92;;-0.5874000;130.3201959
9206;9206;KABUPATEN TELUK BINTUNI;92;;-2.0870355;133.3224030
9207;9207;KABUPATEN TELUK WONDAMA;92;;-2.6363580;134.4826865
9208;9208;KABUPATEN KAIMANA;92;;-3.5846740;134.0298670
9209;9209;KABUPATEN TAMBRAUW;92;;-0.7207635;132.4770180
9210;9210;KABUPATEN MAYBRAT;92;;-1.4241970;132.3679890
9211;9211;KABUPATEN MANOKWARI SELATAN;92;;-7.5366400;110.8180992
9212;9212;KABUPATEN PEGUNUNGAN ARFAK;92;;;
1272;1272;KOTA PEMATANG SIANTAR;12;;2.9537934;99.0634939
1210;1210;KABUPATEN LABUHANBATU;12;;2.2699040;100.0132304
1306;1306;KABUPATEN AGAM WILAYAH TIMUR;13;;-0.2531826;100.1537354
1313;1313;KABUPATEN AGAM WILAYAH BARAT;13;;-0.2531826;100.1537354
9112;9112;KABUPATEN PEGUNUNGAN BINTANG;91;;-4.4948152;140.4784666
